[{"model": "contenttypes.contenttype", "pk": 1, "fields": {"app_label": "admin", "model": "logentry"}}, {"model": "contenttypes.contenttype", "pk": 2, "fields": {"app_label": "auth", "model": "group"}}, {"model": "contenttypes.contenttype", "pk": 3, "fields": {"app_label": "auth", "model": "permission"}}, {"model": "contenttypes.contenttype", "pk": 4, "fields": {"app_label": "auth", "model": "user"}}, {"model": "contenttypes.contenttype", "pk": 5, "fields": {"app_label": "contenttypes", "model": "contenttype"}}, {"model": "contenttypes.contenttype", "pk": 6, "fields": {"app_label": "sessions", "model": "session"}}, {"model": "contenttypes.contenttype", "pk": 7, "fields": {"app_label": "usuario", "model": "comentario"}}, {"model": "contenttypes.contenttype", "pk": 8, "fields": {"app_label": "usuario", "model": "post"}}, {"model": "contenttypes.contenttype", "pk": 9, "fields": {"app_label": "usuario", "model": "sugestao"}}, {"model": "contenttypes.contenttype", "pk": 10, "fields": {"app_label": "usuario", "model": "denuncia"}}, {"model": "contenttypes.contenttype", "pk": 11, "fields": {"app_label": "usuario", "model": "classificacao"}}, {"model": "contenttypes.contenttype", "pk": 12, "fields": {"app_label": "usuario", "model": "usuario"}}, {"model": "contenttypes.contenttype", "pk": 13, "fields": {"app_label": "usuario", "model": "mensagem"}}, {"model": "contenttypes.contenttype", "pk": 14, "fields": {"app_label": "usuario", "model": "atividade"}}, {"model": "contenttypes.contenttype", "pk": 15, "fields": {"app_label": "instrutor", "model": "profissao"}}, {"model": "contenttypes.contenttype", "pk": 16, "fields": {"app_label": "instrutor", "model": "regra"}}, {"model": "contenttypes.contenttype", "pk": 17, "fields": {"app_label": "aluno", "model": "caracteristica"}}, {"model": "contenttypes.contenttype", "pk": 18, "fields": {"app_label": "aluno", "model": "recomendacao"}}, {"model": "sessions.session", "pk": "3ozoo2z8aocl8f8wn33fjfflqmklhrbt", "fields": {"session_data": "MjMwNzNmMmNhYTk2ZWU3MjM4ZWEzMWY5YjVjNWVjNWNkZGYwMGNjMzp7Il9hdXRoX3VzZXJfaWQiOiIxMSIsIl9hdXRoX3VzZXJfaGFzaCI6ImQ4NDY3Y2Y2Y2M3NzU3YjM0YWQ0MDlmNTM0OGUxN2YxMjJiNGI3YmEiLCJfYXV0aF91c2VyX2JhY2tlbmQiOiJkamFuZ28uY29udHJpYi5hdXRoLmJhY2tlbmRzLk1vZGVsQmFja2VuZCJ9", "expire_date": "2017-06-06T17:51:04.141Z"}}, {"model": "sessions.session", "pk": "7ya8bk6j15akqkdqttv3doewy5jo5u6k", "fields": {"session_data": "YjA1M2NjMjUwNzI1MDI0NGM4ZGIxMjY1OWQyZDU3Mzg3OTE1NDYyYjp7Il9hdXRoX3VzZXJfaGFzaCI6ImQ4NDY3Y2Y2Y2M3NzU3YjM0YWQ0MDlmNTM0OGUxN2YxMjJiNGI3YmEiLCJfYXV0aF91c2VyX2JhY2tlbmQiOiJkamFuZ28uY29udHJpYi5hdXRoLmJhY2tlbmRzLk1vZGVsQmFja2VuZCIsIl9hdXRoX3VzZXJfaWQiOiIxMSJ9", "expire_date": "2017-06-04T19:02:39.309Z"}}, {"model": "sessions.session", "pk": "82xm0eucmont02mzact99ljdfes6lrv5", "fields": {"session_data": "YjA1M2NjMjUwNzI1MDI0NGM4ZGIxMjY1OWQyZDU3Mzg3OTE1NDYyYjp7Il9hdXRoX3VzZXJfaGFzaCI6ImQ4NDY3Y2Y2Y2M3NzU3YjM0YWQ0MDlmNTM0OGUxN2YxMjJiNGI3YmEiLCJfYXV0aF91c2VyX2JhY2tlbmQiOiJkamFuZ28uY29udHJpYi5hdXRoLmJhY2tlbmRzLk1vZGVsQmFja2VuZCIsIl9hdXRoX3VzZXJfaWQiOiIxMSJ9", "expire_date": "2017-06-05T17:35:48.029Z"}}, {"model": "sessions.session", "pk": "8i6v0y7j4moco0spzoydm3qxz9x5wus9", "fields": {"session_data": "Yzg0ODZhZjBhNWNhZmJmM2JiNjJiZDBhMzMyODY5ODA5OWIyM2EzMDp7Il9hdXRoX3VzZXJfaWQiOiIxMSIsIl9hdXRoX3VzZXJfYmFja2VuZCI6ImRqYW5nby5jb250cmliLmF1dGguYmFja2VuZHMuTW9kZWxCYWNrZW5kIiwiX2F1dGhfdXNlcl9oYXNoIjoiZDg0NjdjZjZjYzc3NTdiMzRhZDQwOWY1MzQ4ZTE3ZjEyMmI0YjdiYSJ9", "expire_date": "2017-05-10T14:44:28.440Z"}}, {"model": "sessions.session", "pk": "odk5vaw5aon8fkjoexjun1y08kd0lubc", "fields": {"session_data": "OWY5N2U4MjJjNGIxNmVlMjdkMjI4YzI1OTM2NDY5Y2Q5NTg0MWYxYjp7Il9hdXRoX3VzZXJfaGFzaCI6ImQ4NDY3Y2Y2Y2M3NzU3YjM0YWQ0MDlmNTM0OGUxN2YxMjJiNGI3YmEiLCJfYXV0aF91c2VyX2lkIjoiMTEiLCJfYXV0aF91c2VyX2JhY2tlbmQiOiJkamFuZ28uY29udHJpYi5hdXRoLmJhY2tlbmRzLk1vZGVsQmFja2VuZCJ9", "expire_date": "2017-05-11T11:13:56.177Z"}}, {"model": "sessions.session", "pk": "q4scz63dwb4hvo5u1e1za1scvduflemw", "fields": {"session_data": "MWY3YTM5Zjg0NGVmZTg2ODAyMDBlN2Y1MmViZjAxZWQ0Mjk2ODEwMzp7Il9hdXRoX3VzZXJfaGFzaCI6ImM3OGFlMDlmMTBlMGI5ZDFkZjA4MTMxYTYzN2ZmNWM4ZGI5OTlhZTIiLCJfYXV0aF91c2VyX2JhY2tlbmQiOiJkamFuZ28uY29udHJpYi5hdXRoLmJhY2tlbmRzLk1vZGVsQmFja2VuZCIsIl9hdXRoX3VzZXJfaWQiOiIzNiJ9", "expire_date": "2017-05-10T23:24:40.538Z"}}, {"model": "sessions.session", "pk": "qrr4mnx4bu6zwcwxf693dy5vptg0cbdh", "fields": {"session_data": "M2UzMjBhNzI0MzlkYzY4Zjg3ZjA1NTcyZDI1ZjdjNzcxNjEyMTc2ODp7Il9hdXRoX3VzZXJfaGFzaCI6ImE0Y2U1YjdmYzNlM2VmNjBmODU2NzEzZDAxYWUwNzA4MWZkZDNiMTciLCJfYXV0aF91c2VyX2lkIjoiMTYiLCJfYXV0aF91c2VyX2JhY2tlbmQiOiJkamFuZ28uY29udHJpYi5hdXRoLmJhY2tlbmRzLk1vZGVsQmFja2VuZCJ9", "expire_date": "2017-05-11T11:09:03.520Z"}}, {"model": "sessions.session", "pk": "sf9f4iqd9j410dgtrxg3hfaah21eh5b2", "fields": {"session_data": "NWUwNDlhYTM5OWI2ZjA5YzUxZWNjZmE1ZWUyNjhmNDkxYmE0NzRkYTp7Il9hdXRoX3VzZXJfaWQiOiI0MCIsIl9hdXRoX3VzZXJfYmFja2VuZCI6ImRqYW5nby5jb250cmliLmF1dGguYmFja2VuZHMuTW9kZWxCYWNrZW5kIiwiX2F1dGhfdXNlcl9oYXNoIjoiNjRmN2FmN2ZkM2ZlYjEzMjJkMTI3NmFjYzgxNzc1YmY4OTNmMjgxNCJ9", "expire_date": "2017-05-11T01:36:14.823Z"}}, {"model": "sessions.session", "pk": "tsozpo5e97lyd3tgj11zhhnyimjkq129", "fields": {"session_data": "MjMwNzNmMmNhYTk2ZWU3MjM4ZWEzMWY5YjVjNWVjNWNkZGYwMGNjMzp7Il9hdXRoX3VzZXJfaWQiOiIxMSIsIl9hdXRoX3VzZXJfaGFzaCI6ImQ4NDY3Y2Y2Y2M3NzU3YjM0YWQ0MDlmNTM0OGUxN2YxMjJiNGI3YmEiLCJfYXV0aF91c2VyX2JhY2tlbmQiOiJkamFuZ28uY29udHJpYi5hdXRoLmJhY2tlbmRzLk1vZGVsQmFja2VuZCJ9", "expire_date": "2017-06-05T12:01:26.614Z"}}, {"model": "sessions.session", "pk": "v0veh1pmd49g3bvr7efsapx8aorwlrxi", "fields": {"session_data": "YjQxMTZkZmU1YjMxZWUxYTg3NjU2MjEwMzBmOGIzZGQxYThiMThkNTp7Il9hdXRoX3VzZXJfYmFja2VuZCI6ImRqYW5nby5jb250cmliLmF1dGguYmFja2VuZHMuTW9kZWxCYWNrZW5kIiwiX2F1dGhfdXNlcl9oYXNoIjoiYzc4YWUwOWYxMGUwYjlkMWRmMDgxMzFhNjM3ZmY1YzhkYjk5OWFlMiIsIl9hdXRoX3VzZXJfaWQiOiIzNiJ9", "expire_date": "2017-06-05T18:48:33.237Z"}}, {"model": "usuario.atividade", "pk": 1, "fields": {"nome": "Jiu Jistsu"}}, {"model": "usuario.atividade", "pk": 2, "fields": {"nome": "Muay Thai"}}, {"model": "usuario.atividade", "pk": 3, "fields": {"nome": "Futebol"}}, {"model": "usuario.atividade", "pk": 4, "fields": {"nome": "Boxe"}}, {"model": "usuario.classificacao", "pk": 1, "fields": {"somanota": 4, "somapessoas": 4}}, {"model": "usuario.classificacao", "pk": 2, "fields": {"somanota": 0, "somapessoas": 0}}, {"model": "usuario.classificacao", "pk": 3, "fields": {"somanota": 0, "somapessoas": 0}}, {"model": "usuario.classificacao", "pk": 4, "fields": {"somanota": 0, "somapessoas": 0}}, {"model": "usuario.classificacao", "pk": 5, "fields": {"somanota": 4, "somapessoas": null}}, {"model": "usuario.classificacao", "pk": 6, "fields": {"somanota": 3, "somapessoas": null}}, {"model": "usuario.classificacao", "pk": 7, "fields": {"somanota": 2, "somapessoas": null}}, {"model": "instrutor.profissao", "pk": 1, "fields": {"nome": "estudante"}}, {"model": "instrutor.regra", "pk": 3, "fields": {"dono": 12, "solicitante": null, "pontuacao": 2, "restricao": null, "beneficio": 8, "maleficio": null, "datacriacao": "2017-04-26", "atividade": 1, "data_solicitacao": null}}, {"model": "instrutor.regra", "pk": 7, "fields": {"dono": 8, "solicitante": null, "pontuacao": 4, "restricao": null, "beneficio": 8, "maleficio": null, "datacriacao": "2017-05-05", "atividade": 1, "data_solicitacao": null}}, {"model": "instrutor.regra", "pk": 8, "fields": {"dono": 8, "solicitante": null, "pontuacao": 8, "restricao": 3, "beneficio": null, "maleficio": 8, "datacriacao": "2017-05-21", "atividade": 2, "data_solicitacao": null}}, {"model": "instrutor.regra", "pk": 9, "fields": {"dono": 8, "solicitante": null, "pontuacao": 11, "restricao": 4, "beneficio": null, "maleficio": 4, "datacriacao": "2017-05-21", "atividade": 2, "data_solicitacao": null}}, {"model": "instrutor.regra", "pk": 10, "fields": {"dono": 13, "solicitante": null, "pontuacao": 76, "restricao": null, "beneficio": null, "maleficio": null, "datacriacao": "2017-05-21", "atividade": 3, "data_solicitacao": null}}, {"model": "aluno.caracteristica", "pk": 1, "fields": {"descricao": "altura", "valor": "2.00", "tipo": 1}}, {"model": "aluno.caracteristica", "pk": 2, "fields": {"descricao": "Corre\u00e7\u00e3o da postura", "valor": 0, "tipo": 0}}, {"model": "aluno.caracteristica", "pk": 3, "fields": {"descricao": "Ganho de massa muscular", "valor": 0, "tipo": 0}}, {"model": "aluno.caracteristica", "pk": 4, "fields": {"descricao": "Perda de peso", "valor": 0, "tipo": 0}}, {"model": "aluno.caracteristica", "pk": 5, "fields": {"descricao": "1.8", "valor": "1.00", "tipo": 1}}, {"model": "aluno.caracteristica", "pk": 6, "fields": {"descricao": "85.0", "valor": "3.00", "tipo": 2}}, {"model": "aluno.caracteristica", "pk": 7, "fields": {"descricao": "Dor no joelho", "valor": "5.00", "tipo": 4}}, {"model": "aluno.caracteristica", "pk": 8, "fields": {"descricao": "Ganho de massa magra", "valor": null, "tipo": 5}}, {"model": "aluno.caracteristica", "pk": 9, "fields": {"descricao": "Desgaste muscular", "valor": null, "tipo": 6}}, {"model": "aluno.caracteristica", "pk": 10, "fields": {"descricao": "Diabetes", "valor": 5, "tipo": 3}}, {"model": "aluno.caracteristica", "pk": 11, "fields": {"descricao": "Mobilidade bra\u00e7o", "valor": "5.00", "tipo": 4}}, {"model": "aluno.caracteristica", "pk": 12, "fields": {"descricao": "1.8", "valor": "1.00", "tipo": 1}}, {"model": "aluno.caracteristica", "pk": 13, "fields": {"descricao": "55.0", "valor": "3.00", "tipo": 2}}, {"model": "aluno.caracteristica", "pk": 14, "fields": {"descricao": "Asma", "valor": 5, "tipo": 3}}, {"model": "aluno.caracteristica", "pk": 15, "fields": {"descricao": "1.8", "valor": "1.00", "tipo": 1}}, {"model": "aluno.caracteristica", "pk": 16, "fields": {"descricao": "55.0", "valor": "3.00", "tipo": 2}}, {"model": "aluno.recomendacao", "pk": 1, "fields": {"data": "2017-05-19", "classificacao": 5, "atividade": 1, "aluno": 28, "instrutor": 8, "regras": [7]}}, {"model": "aluno.recomendacao", "pk": 2, "fields": {"data": "2017-05-20", "classificacao": 6, "atividade": 2, "aluno": 27, "instrutor": 8, "regras": [8]}}, {"model": "aluno.recomendacao", "pk": 3, "fields": {"data": "2017-05-21", "classificacao": 7, "atividade": 1, "aluno": 13, "instrutor": 12, "regras": [3]}}, {"model": "auth.permission", "pk": 1, "fields": {"name": "Can add log entry", "content_type": 1, "codename": "add_logentry"}}, {"model": "auth.permission", "pk": 2, "fields": {"name": "Can change log entry", "content_type": 1, "codename": "change_logentry"}}, {"model": "auth.permission", "pk": 3, "fields": {"name": "Can delete log entry", "content_type": 1, "codename": "delete_logentry"}}, {"model": "auth.permission", "pk": 4, "fields": {"name": "Can add group", "content_type": 2, "codename": "add_group"}}, {"model": "auth.permission", "pk": 5, "fields": {"name": "Can change group", "content_type": 2, "codename": "change_group"}}, {"model": "auth.permission", "pk": 6, "fields": {"name": "Can delete group", "content_type": 2, "codename": "delete_group"}}, {"model": "auth.permission", "pk": 7, "fields": {"name": "Can add permission", "content_type": 3, "codename": "add_permission"}}, {"model": "auth.permission", "pk": 8, "fields": {"name": "Can change permission", "content_type": 3, "codename": "change_permission"}}, {"model": "auth.permission", "pk": 9, "fields": {"name": "Can delete permission", "content_type": 3, "codename": "delete_permission"}}, {"model": "auth.permission", "pk": 10, "fields": {"name": "Can add user", "content_type": 4, "codename": "add_user"}}, {"model": "auth.permission", "pk": 11, "fields": {"name": "Can change user", "content_type": 4, "codename": "change_user"}}, {"model": "auth.permission", "pk": 12, "fields": {"name": "Can delete user", "content_type": 4, "codename": "delete_user"}}, {"model": "auth.permission", "pk": 13, "fields": {"name": "Can add content type", "content_type": 5, "codename": "add_contenttype"}}, {"model": "auth.permission", "pk": 14, "fields": {"name": "Can change content type", "content_type": 5, "codename": "change_contenttype"}}, {"model": "auth.permission", "pk": 15, "fields": {"name": "Can delete content type", "content_type": 5, "codename": "delete_contenttype"}}, {"model": "auth.permission", "pk": 16, "fields": {"name": "Can add session", "content_type": 6, "codename": "add_session"}}, {"model": "auth.permission", "pk": 17, "fields": {"name": "Can change session", "content_type": 6, "codename": "change_session"}}, {"model": "auth.permission", "pk": 18, "fields": {"name": "Can delete session", "content_type": 6, "codename": "delete_session"}}, {"model": "auth.permission", "pk": 19, "fields": {"name": "Can add comentario", "content_type": 7, "codename": "add_comentario"}}, {"model": "auth.permission", "pk": 20, "fields": {"name": "Can change comentario", "content_type": 7, "codename": "change_comentario"}}, {"model": "auth.permission", "pk": 21, "fields": {"name": "Can delete comentario", "content_type": 7, "codename": "delete_comentario"}}, {"model": "auth.permission", "pk": 22, "fields": {"name": "Can add post", "content_type": 8, "codename": "add_post"}}, {"model": "auth.permission", "pk": 23, "fields": {"name": "Can change post", "content_type": 8, "codename": "change_post"}}, {"model": "auth.permission", "pk": 24, "fields": {"name": "Can delete post", "content_type": 8, "codename": "delete_post"}}, {"model": "auth.permission", "pk": 25, "fields": {"name": "Can add sugestao", "content_type": 9, "codename": "add_sugestao"}}, {"model": "auth.permission", "pk": 26, "fields": {"name": "Can change sugestao", "content_type": 9, "codename": "change_sugestao"}}, {"model": "auth.permission", "pk": 27, "fields": {"name": "Can delete sugestao", "content_type": 9, "codename": "delete_sugestao"}}, {"model": "auth.permission", "pk": 28, "fields": {"name": "Can add denuncia", "content_type": 10, "codename": "add_denuncia"}}, {"model": "auth.permission", "pk": 29, "fields": {"name": "Can change denuncia", "content_type": 10, "codename": "change_denuncia"}}, {"model": "auth.permission", "pk": 30, "fields": {"name": "Can delete denuncia", "content_type": 10, "codename": "delete_denuncia"}}, {"model": "auth.permission", "pk": 31, "fields": {"name": "Can add classificacao", "content_type": 11, "codename": "add_classificacao"}}, {"model": "auth.permission", "pk": 32, "fields": {"name": "Can change classificacao", "content_type": 11, "codename": "change_classificacao"}}, {"model": "auth.permission", "pk": 33, "fields": {"name": "Can delete classificacao", "content_type": 11, "codename": "delete_classificacao"}}, {"model": "auth.permission", "pk": 34, "fields": {"name": "Can add usuario", "content_type": 12, "codename": "add_usuario"}}, {"model": "auth.permission", "pk": 35, "fields": {"name": "Can change usuario", "content_type": 12, "codename": "change_usuario"}}, {"model": "auth.permission", "pk": 36, "fields": {"name": "Can delete usuario", "content_type": 12, "codename": "delete_usuario"}}, {"model": "auth.permission", "pk": 37, "fields": {"name": "Can add mensagem", "content_type": 13, "codename": "add_mensagem"}}, {"model": "auth.permission", "pk": 38, "fields": {"name": "Can change mensagem", "content_type": 13, "codename": "change_mensagem"}}, {"model": "auth.permission", "pk": 39, "fields": {"name": "Can delete mensagem", "content_type": 13, "codename": "delete_mensagem"}}, {"model": "auth.permission", "pk": 40, "fields": {"name": "Can add atividade", "content_type": 14, "codename": "add_atividade"}}, {"model": "auth.permission", "pk": 41, "fields": {"name": "Can change atividade", "content_type": 14, "codename": "change_atividade"}}, {"model": "auth.permission", "pk": 42, "fields": {"name": "Can delete atividade", "content_type": 14, "codename": "delete_atividade"}}, {"model": "auth.permission", "pk": 43, "fields": {"name": "Can add profissao", "content_type": 15, "codename": "add_profissao"}}, {"model": "auth.permission", "pk": 44, "fields": {"name": "Can change profissao", "content_type": 15, "codename": "change_profissao"}}, {"model": "auth.permission", "pk": 45, "fields": {"name": "Can delete profissao", "content_type": 15, "codename": "delete_profissao"}}, {"model": "auth.permission", "pk": 46, "fields": {"name": "Can add regra", "content_type": 16, "codename": "add_regra"}}, {"model": "auth.permission", "pk": 47, "fields": {"name": "Can change regra", "content_type": 16, "codename": "change_regra"}}, {"model": "auth.permission", "pk": 48, "fields": {"name": "Can delete regra", "content_type": 16, "codename": "delete_regra"}}, {"model": "auth.permission", "pk": 49, "fields": {"name": "Can add caracteristica", "content_type": 17, "codename": "add_caracteristica"}}, {"model": "auth.permission", "pk": 50, "fields": {"name": "Can change caracteristica", "content_type": 17, "codename": "change_caracteristica"}}, {"model": "auth.permission", "pk": 51, "fields": {"name": "Can delete caracteristica", "content_type": 17, "codename": "delete_caracteristica"}}, {"model": "auth.permission", "pk": 52, "fields": {"name": "Can add recomendacao", "content_type": 18, "codename": "add_recomendacao"}}, {"model": "auth.permission", "pk": 53, "fields": {"name": "Can change recomendacao", "content_type": 18, "codename": "change_recomendacao"}}, {"model": "auth.permission", "pk": 54, "fields": {"name": "Can delete recomendacao", "content_type": 18, "codename": "delete_recomendacao"}}, {"model": "auth.user", "pk": 6, "fields": {"password": "pbkdf2_sha256$30000$RVkLDc6EQqhK$kLxLbjeTwGM3zdCqCHaRRp9Qhuw0CE9r7Fb1Zn9rAEg=", "last_login": "2017-04-26T22:57:15.217Z", "is_superuser": true, "username": "tchola", "first_name": "", "last_name": "", "email": "matheus.ar11@hotmail.com", "is_staff": true, "is_active": true, "date_joined": "2017-04-25T13:45:24.998Z", "groups": [], "user_permissions": []}}, {"model": "auth.user", "pk": 11, "fields": {"password": "pbkdf2_sha256$30000$wqGhXuMGeHHJ$U5zhCcBySopkwvUesEnOzrLxH3JPYrMf27iY7eZFGSo=", "last_login": "2017-05-23T17:51:04.086Z", "is_superuser": true, "username": "hifit", "first_name": "", "last_name": "", "email": "esw@esw.com", "is_staff": true, "is_active": true, "date_joined": "2017-04-26T14:18:33.739Z", "groups": [], "user_permissions": []}}, {"model": "auth.user", "pk": 12, "fields": {"password": "pbkdf2_sha256$30000$4nk1DM3vMNM5$7UNaJyPS3AwhgLTa6QPrzOVxcqRjbB1A+ukN4e/2L7o=", "last_login": "2017-05-23T16:34:14.022Z", "is_superuser": false, "username": "testeinstrutor", "first_name": "", "last_name": "", "email": "usuario@email.com", "is_staff": false, "is_active": true, "date_joined": "2017-04-26T14:21:31.465Z", "groups": [], "user_permissions": []}}, {"model": "auth.user", "pk": 16, "fields": {"password": "pbkdf2_sha256$30000$c1fL6nqUZTgZ$XGizAJHdqOFamKQOMsmXnjahSp9XnBdyFzZ7DQ++KV8=", "last_login": "2017-04-27T11:09:03.416Z", "is_superuser": false, "username": "outro", "first_name": "", "last_name": "", "email": "email@email.com", "is_staff": false, "is_active": true, "date_joined": "2017-04-26T15:24:26.508Z", "groups": [], "user_permissions": []}}, {"model": "auth.user", "pk": 17, "fields": {"password": "pbkdf2_sha256$30000$4W7QnuxtQuwk$YHcdJKj5jGGhtzHmXBaOFEYJA2cyB7uoo4sISUpwa8U=", "last_login": "2017-05-22T17:35:07.538Z", "is_superuser": false, "username": "pedro", "first_name": "", "last_name": "", "email": "pedro@nips.com", "is_staff": false, "is_active": true, "date_joined": "2017-04-26T15:29:49.229Z", "groups": [], "user_permissions": []}}, {"model": "auth.user", "pk": 36, "fields": {"password": "pbkdf2_sha256$30000$Xu5VEtNxAwOq$3f7iy3pXPrwn+YVTSGNT19qk50mOeTfueKFBaYcbGKs=", "last_login": "2017-05-23T16:44:21.411Z", "is_superuser": false, "username": "bielpires", "first_name": "", "last_name": "", "email": "bielpires1995@gmail.com", "is_staff": false, "is_active": true, "date_joined": "2017-04-26T23:24:20.353Z", "groups": [], "user_permissions": []}}, {"model": "auth.user", "pk": 37, "fields": {"password": "pbkdf2_sha256$30000$Xahh708W9ozq$CkEwehSfc2QhfEgFSu2A/ZfBn+tfeGnkdJ6BiUZpgXQ=", "last_login": "2017-04-27T01:20:09.253Z", "is_superuser": true, "username": "renan", "first_name": "", "last_name": "", "email": "", "is_staff": true, "is_active": true, "date_joined": "2017-04-27T01:19:59.722Z", "groups": [], "user_permissions": []}}, {"model": "auth.user", "pk": 38, "fields": {"password": "pbkdf2_sha256$30000$wwDjAvNmkHqS$6PQllrcyzcnPK2T2gcRVdgCtZ85YwzOFnsCob9A2ZFY=", "last_login": null, "is_superuser": false, "username": "teste_aluno", "first_name": "", "last_name": "", "email": "", "is_staff": false, "is_active": true, "date_joined": "2017-04-27T01:21:05.910Z", "groups": [], "user_permissions": []}}, {"model": "auth.user", "pk": 39, "fields": {"password": "pbkdf2_sha256$30000$IaSGiXtxarEr$1sp9rs2bHnmX5kRzAmPkerLQTcLzX5UCfNWFDqdHg+E=", "last_login": null, "is_superuser": false, "username": "teste_aluno2", "first_name": "", "last_name": "", "email": "j@gmail.com", "is_staff": false, "is_active": true, "date_joined": "2017-04-27T01:24:45.904Z", "groups": [], "user_permissions": []}}, {"model": "auth.user", "pk": 40, "fields": {"password": "pbkdf2_sha256$30000$MmDDQ4LpSewL$WbBIQu51Tot0ESXamRomrirdipo3V5EdAqNvnlU/pTw=", "last_login": "2017-04-27T01:36:14.719Z", "is_superuser": false, "username": "eu", "first_name": "", "last_name": "", "email": "renanmateusbn@gmail.com", "is_staff": false, "is_active": true, "date_joined": "2017-04-27T01:25:37.513Z", "groups": [], "user_permissions": []}}, {"model": "usuario.usuario", "pk": 8, "fields": {"user": 12, "tipo_usuario": 2, "datanascimento": "13/08/1995", "telefone": "31999999999", "classificacao": 2, "cpf": "", "tipo_identificacao": "CRM", "identificacao": "42342342342342'", "profissao": 1, "nome": "Higor Coimbra", "descricao": "asdfoiasdufasdf", "auth_id": null, "situacao": null, "caracteristicas": []}}, {"model": "usuario.usuario", "pk": 12, "fields": {"user": 16, "tipo_usuario": 2, "datanascimento": "01/01/2000", "telefone": "11111111", "classificacao": 1, "cpf": "", "tipo_identificacao": "CRM", "identificacao": null, "profissao": null, "nome": "Nome do Outro", "descricao": null, "auth_id": null, "situacao": null, "caracteristicas": []}}, {"model": "usuario.usuario", "pk": 13, "fields": {"user": 17, "tipo_usuario": 1, "datanascimento": "22/02/1997", "telefone": "(31)999999999", "classificacao": null, "cpf": "", "tipo_identificacao": "CRM", "identificacao": null, "profissao": null, "nome": "Pedro Henrique Silva", "descricao": null, "auth_id": null, "situacao": null, "caracteristicas": [3, 10, 15, 16]}}, {"model": "usuario.usuario", "pk": 27, "fields": {"user": 36, "tipo_usuario": 1, "datanascimento": "1995-03-23", "telefone": "(31)99999-9999", "classificacao": null, "cpf": "", "tipo_identificacao": "CRM", "identificacao": null, "profissao": null, "nome": "Gabriel Pires", "descricao": null, "auth_id": "1e3a6c77d2fd449f9bf121b0b6d9161b", "situacao": 1, "caracteristicas": [2, 12, 13, 14]}}, {"model": "usuario.usuario", "pk": 28, "fields": {"user": 39, "tipo_usuario": 1, "datanascimento": "1999-04-11", "telefone": "(31)99999-9999", "classificacao": null, "cpf": "", "tipo_identificacao": "CRM", "identificacao": null, "profissao": null, "nome": "Nome de Teste Aluno 2", "descricao": null, "auth_id": "6a86b1412b2d473ea9725f333ad7df47", "situacao": 0, "caracteristicas": [2, 12, 13]}}, {"model": "usuario.usuario", "pk": 29, "fields": {"user": 40, "tipo_usuario": 1, "datanascimento": "1996-04-10", "telefone": "", "classificacao": null, "cpf": "", "tipo_identificacao": "CRM", "identificacao": null, "profissao": null, "nome": "eu", "descricao": null, "auth_id": "60aaa9af454e428789558e45aed74905", "situacao": 1, "caracteristicas": []}}, {"model": "admin.logentry", "pk": 14, "fields": {"action_time": "2017-04-26T14:44:40.213Z", "user": 11, "content_type": 14, "object_id": "1", "object_repr": "Jiu Jistsu", "action_flag": 1, "change_message": "[{\"added\": {}}]"}}, {"model": "admin.logentry", "pk": 15, "fields": {"action_time": "2017-04-26T14:44:46.815Z", "user": 11, "content_type": 14, "object_id": "2", "object_repr": "Muay Thai", "action_flag": 1, "change_message": "[{\"added\": {}}]"}}, {"model": "admin.logentry", "pk": 16, "fields": {"action_time": "2017-04-26T14:44:52.048Z", "user": 11, "content_type": 14, "object_id": "3", "object_repr": "Futebol", "action_flag": 1, "change_message": "[{\"added\": {}}]"}}, {"model": "admin.logentry", "pk": 17, "fields": {"action_time": "2017-04-26T14:44:57.353Z", "user": 11, "content_type": 14, "object_id": "4", "object_repr": "Boxe", "action_flag": 1, "change_message": "[{\"added\": {}}]"}}, {"model": "admin.logentry", "pk": 18, "fields": {"action_time": "2017-04-26T14:45:40.279Z", "user": 11, "content_type": 17, "object_id": "8", "object_repr": "Caracteristica object", "action_flag": 1, "change_message": "[{\"added\": {}}]"}}, {"model": "admin.logentry", "pk": 19, "fields": {"action_time": "2017-04-26T14:45:55.797Z", "user": 11, "content_type": 17, "object_id": "9", "object_repr": "Caracteristica object", "action_flag": 1, "change_message": "[{\"added\": {}}]"}}, {"model": "admin.logentry", "pk": 20, "fields": {"action_time": "2017-04-26T17:54:14.016Z", "user": 6, "content_type": 4, "object_id": "8", "object_repr": "Tchola", "action_flag": 3, "change_message": ""}}, {"model": "admin.logentry", "pk": 21, "fields": {"action_time": "2017-04-26T17:54:14.192Z", "user": 6, "content_type": 4, "object_id": "10", "object_repr": "biel", "action_flag": 3, "change_message": ""}}, {"model": "admin.logentry", "pk": 22, "fields": {"action_time": "2017-04-26T17:54:14.348Z", "user": 6, "content_type": 4, "object_id": "20", "object_repr": "bielpires", "action_flag": 3, "change_message": ""}}, {"model": "admin.logentry", "pk": 23, "fields": {"action_time": "2017-04-26T17:54:14.518Z", "user": 6, "content_type": 4, "object_id": "13", "object_repr": "teste", "action_flag": 3, "change_message": ""}}, {"model": "admin.logentry", "pk": 24, "fields": {"action_time": "2017-04-26T17:54:14.641Z", "user": 6, "content_type": 4, "object_id": "15", "object_repr": "teste55", "action_flag": 3, "change_message": ""}}, {"model": "admin.logentry", "pk": 25, "fields": {"action_time": "2017-04-26T22:53:22.725Z", "user": 6, "content_type": 4, "object_id": "27", "object_repr": "bielpires", "action_flag": 3, "change_message": ""}}, {"model": "admin.logentry", "pk": 26, "fields": {"action_time": "2017-04-26T22:55:10.100Z", "user": 6, "content_type": 4, "object_id": "28", "object_repr": "bielpires", "action_flag": 3, "change_message": ""}}, {"model": "admin.logentry", "pk": 27, "fields": {"action_time": "2017-04-26T22:56:46.054Z", "user": 6, "content_type": 4, "object_id": "29", "object_repr": "bielpires", "action_flag": 3, "change_message": ""}}, {"model": "admin.logentry", "pk": 28, "fields": {"action_time": "2017-04-26T22:57:22.137Z", "user": 6, "content_type": 4, "object_id": "30", "object_repr": "bielpires", "action_flag": 3, "change_message": ""}}, {"model": "admin.logentry", "pk": 29, "fields": {"action_time": "2017-04-27T01:21:05.980Z", "user": 37, "content_type": 4, "object_id": "38", "object_repr": "teste_aluno", "action_flag": 1, "change_message": "[{\"added\": {}}]"}}, {"model": "admin.logentry", "pk": 30, "fields": {"action_time": "2017-04-27T11:14:08.338Z", "user": 11, "content_type": 16, "object_id": "6", "object_repr": "Muay Thai, data de criacao: 2017-04-26", "action_flag": 2, "change_message": "[{\"changed\": {\"fields\": [\"solicitante\", \"data_solicitacao\"]}}]"}}, {"model": "admin.logentry", "pk": 31, "fields": {"action_time": "2017-05-21T17:54:41.790Z", "user": 11, "content_type": 11, "object_id": "5", "object_repr": "Nota: 4 Total: None", "action_flag": 1, "change_message": "[{\"added\": {}}]"}}, {"model": "admin.logentry", "pk": 32, "fields": {"action_time": "2017-05-21T17:54:44.364Z", "user": 11, "content_type": 11, "object_id": "6", "object_repr": "Nota: 3 Total: None", "action_flag": 1, "change_message": "[{\"added\": {}}]"}}, {"model": "admin.logentry", "pk": 33, "fields": {"action_time": "2017-05-21T17:54:47.048Z", "user": 11, "content_type": 11, "object_id": "7", "object_repr": "Nota: 2 Total: None", "action_flag": 1, "change_message": "[{\"added\": {}}]"}}, {"model": "admin.logentry", "pk": 34, "fields": {"action_time": "2017-05-21T17:59:25.728Z", "user": 11, "content_type": 16, "object_id": "8", "object_repr": "Muay Thai, data de criacao: 2017-05-21", "action_flag": 1, "change_message": "[{\"added\": {}}]"}}, {"model": "admin.logentry", "pk": 35, "fields": {"action_time": "2017-05-21T18:00:15.074Z", "user": 11, "content_type": 16, "object_id": "9", "object_repr": "Muay Thai, data de criacao: 2017-05-21", "action_flag": 1, "change_message": "[{\"added\": {}}]"}}, {"model": "admin.logentry", "pk": 36, "fields": {"action_time": "2017-05-21T18:00:55.186Z", "user": 11, "content_type": 16, "object_id": "10", "object_repr": "Futebol, data de criacao: 2017-05-21", "action_flag": 1, "change_message": "[{\"added\": {}}]"}}, {"model": "admin.logentry", "pk": 37, "fields": {"action_time": "2017-05-21T18:03:23.663Z", "user": 11, "content_type": 18, "object_id": "1", "object_repr": "Recomendacao object", "action_flag": 1, "change_message": "[{\"added\": {}}]"}}, {"model": "admin.logentry", "pk": 38, "fields": {"action_time": "2017-05-21T18:04:29.699Z", "user": 11, "content_type": 18, "object_id": "2", "object_repr": "Recomendacao object", "action_flag": 1, "change_message": "[{\"added\": {}}]"}}, {"model": "admin.logentry", "pk": 39, "fields": {"action_time": "2017-05-21T18:07:38.648Z", "user": 11, "content_type": 18, "object_id": "1", "object_repr": "Aluno: teste_aluno2- Instrutor: Higor", "action_flag": 2, "change_message": "[{\"changed\": {\"fields\": [\"aluno\"]}}]"}}, {"model": "admin.logentry", "pk": 40, "fields": {"action_time": "2017-05-21T18:08:30.919Z", "user": 11, "content_type": 18, "object_id": "3", "object_repr": "Aluno: Pedro Henrique Silva- Instrutor: outro", "action_flag": 1, "change_message": "[{\"added\": {}}]"}}, {"model": "admin.logentry", "pk": 41, "fields": {"action_time": "2017-05-22T01:14:38.688Z", "user": 11, "content_type": 18, "object_id": "2", "object_repr": "Aluno: Gabriel Pires- Instrutor: Higor Coimbra, Classificacao: Nota: 3 Total: None", "action_flag": 2, "change_message": "[{\"changed\": {\"fields\": [\"data\"]}}]"}}, {"model": "admin.logentry", "pk": 42, "fields": {"action_time": "2017-05-22T01:14:55.133Z", "user": 11, "content_type": 18, "object_id": "1", "object_repr": "Aluno: Nome de Teste Aluno 2- Instrutor: Higor Coimbra, Classificacao: Nota: 4 Total: None", "action_flag": 2, "change_message": "[{\"changed\": {\"fields\": [\"data\"]}}]"}}, {"model": "admin.logentry", "pk": 43, "fields": {"action_time": "2017-05-22T19:43:29.511Z", "user": 11, "content_type": 18, "object_id": "2", "object_repr": "Aluno: Gabriel Pires- Instrutor: Higor Coimbra, Classificacao: Nota: 3 Total: None", "action_flag": 2, "change_message": "[{\"changed\": {\"fields\": [\"data\", \"atividade\"]}}]"}}]